Kode,Judul,Studio,Tanggal,Bulan,Tahun,Jam
0,AVATAR : THE WAY OF WATER,1,1,7,2023,11
1,AVATAR : THE WAY OF WATER,1,1,7,2023,14
2,AVATAR : THE WAY OF WATER,1,1,7,2023,17
3,AVATAR : THE WAY OF WATER,1,1,7,2023,20
4,AVATAR : THE WAY OF WATER,1,2,7,2023,11
5,AVATAR : THE WAY OF WATER,1,2,7,2023,14
6,AVATAR : THE WAY OF WATER,1,2,7,2023,17
7,AVATAR : THE WAY OF WATER,1,2,7,2023,20
8,AVATAR : THE WAY OF WATER,1,3,7,2023,11
9,AVATAR : THE WAY OF WATER,1,3,7,2023,14
10,AVATAR : THE WAY OF WATER,1,3,7,2023,17
11,AVATAR : THE WAY OF WATER,1,3,7,2023,20
12,AVATAR : THE WAY OF WATER,1,4,7,2023,11
13,AVATAR : THE WAY OF WATER,1,4,7,2023,14
14,AVATAR : THE WAY OF WATER,1,4,7,2023,17
15,AVATAR : THE WAY OF WATER,1,4,7,2023,20
16,AVATAR : THE WAY OF WATER,1,5,7,2023,11
17,AVATAR : THE WAY OF WATER,1,5,7,2023,14
18,AVATAR : THE WAY OF WATER,1,5,7,2023,17
19,AVATAR : THE WAY OF WATER,1,5,7,2023,20
20,AVATAR : THE WAY OF WATER,1,6,7,2023,11
21,AVATAR : THE WAY OF WATER,1,6,7,2023,14
22,AVATAR : THE WAY OF WATER,1,6,7,2023,17
23,AVATAR : THE WAY OF WATER,1,6,7,2023,20
24,AVATAR : THE WAY OF WATER,1,7,7,2023,11
25,AVATAR : THE WAY OF WATER,1,7,7,2023,14
26,AVATAR : THE WAY OF WATER,1,7,7,2023,17
27,AVATAR : THE WAY OF WATER,1,7,7,2023,20
28,AVATAR : THE WAY OF WATER,1,8,7,2023,11
29,AVATAR : THE WAY OF WATER,1,8,7,2023,14
30,AVATAR : THE WAY OF WATER,1,8,7,2023,17
31,AVATAR : THE WAY OF WATER,1,8,7,2023,20
32,AVATAR : THE WAY OF WATER,1,9,7,2023,11
33,AVATAR : THE WAY OF WATER,1,9,7,2023,14
34,AVATAR : THE WAY OF WATER,1,9,7,2023,17
35,AVATAR : THE WAY OF WATER,1,9,7,2023,20
36,AVATAR : THE WAY OF WATER,1,10,7,2023,11
37,AVATAR : THE WAY OF WATER,1,10,7,2023,14
38,AVATAR : THE WAY OF WATER,1,10,7,2023,17
39,AVATAR : THE WAY OF WATER,1,10,7,2023,20
40,AVATAR : THE WAY OF WATER,1,11,7,2023,11
41,AVATAR : THE WAY OF WATER,1,11,7,2023,14
42,AVATAR : THE WAY OF WATER,1,11,7,2023,17
43,AVATAR : THE WAY OF WATER,1,11,7,2023,20
44,AVATAR : THE WAY OF WATER,1,12,7,2023,11
45,AVATAR : THE WAY OF WATER,1,12,7,2023,14
46,AVATAR : THE WAY OF WATER,1,12,7,2023,17
47,AVATAR : THE WAY OF WATER,1,12,7,2023,20
48,AVATAR : THE WAY OF WATER,1,13,7,2023,11
49,AVATAR : THE WAY OF WATER,1,13,7,2023,14
50,AVATAR : THE WAY OF WATER,1,13,7,2023,17
51,AVATAR : THE WAY OF WATER,1,13,7,2023,20
52,AVATAR : THE WAY OF WATER,1,14,7,2023,11
53,AVATAR : THE WAY OF WATER,1,14,7,2023,14
54,AVATAR : THE WAY OF WATER,1,14,7,2023,17
55,AVATAR : THE WAY OF WATER,1,14,7,2023,20
56,AVATAR : THE WAY OF WATER,1,15,7,2023,11
57,AVATAR : THE WAY OF WATER,1,15,7,2023,14
58,AVATAR : THE WAY OF WATER,1,15,7,2023,17
59,AVATAR : THE WAY OF WATER,1,15,7,2023,20
60,AVATAR : THE WAY OF WATER,1,16,7,2023,11
61,AVATAR : THE WAY OF WATER,1,16,7,2023,14
62,AVATAR : THE WAY OF WATER,1,16,7,2023,17
63,AVATAR : THE WAY OF WATER,1,16,7,2023,20
64,AVATAR : THE WAY OF WATER,1,17,7,2023,11
65,AVATAR : THE WAY OF WATER,1,17,7,2023,14
66,AVATAR : THE WAY OF WATER,1,17,7,2023,17
67,AVATAR : THE WAY OF WATER,1,17,7,2023,20
68,AVATAR : THE WAY OF WATER,1,18,7,2023,11
69,AVATAR : THE WAY OF WATER,1,18,7,2023,14
70,AVATAR : THE WAY OF WATER,1,18,7,2023,17
71,AVATAR : THE WAY OF WATER,1,18,7,2023,20
72,AVATAR : THE WAY OF WATER,1,19,7,2023,11
73,AVATAR : THE WAY OF WATER,1,19,7,2023,14
74,AVATAR : THE WAY OF WATER,1,19,7,2023,17
75,AVATAR : THE WAY OF WATER,1,19,7,2023,20
76,AVATAR : THE WAY OF WATER,1,20,7,2023,11
77,AVATAR : THE WAY OF WATER,1,20,7,2023,14
78,AVATAR : THE WAY OF WATER,1,20,7,2023,17
79,AVATAR : THE WAY OF WATER,1,20,7,2023,20
80,AVATAR : THE WAY OF WATER,1,21,7,2023,11
81,AVATAR : THE WAY OF WATER,1,21,7,2023,14
82,AVATAR : THE WAY OF WATER,1,21,7,2023,17
83,AVATAR : THE WAY OF WATER,1,21,7,2023,20
84,AVATAR : THE WAY OF WATER,1,22,7,2023,11
85,AVATAR : THE WAY OF WATER,1,22,7,2023,14
86,AVATAR : THE WAY OF WATER,1,22,7,2023,17
87,AVATAR : THE WAY OF WATER,1,22,7,2023,20
88,AVATAR : THE WAY OF WATER,1,23,7,2023,11
89,AVATAR : THE WAY OF WATER,1,23,7,2023,14
90,AVATAR : THE WAY OF WATER,1,23,7,2023,17
91,AVATAR : THE WAY OF WATER,1,23,7,2023,20
92,AVATAR : THE WAY OF WATER,1,24,7,2023,11
93,AVATAR : THE WAY OF WATER,1,24,7,2023,14
94,AVATAR : THE WAY OF WATER,1,24,7,2023,17
95,AVATAR : THE WAY OF WATER,1,24,7,2023,20
96,AVATAR : THE WAY OF WATER,1,25,7,2023,11
97,AVATAR : THE WAY OF WATER,1,25,7,2023,14
98,AVATAR : THE WAY OF WATER,1,25,7,2023,17
99,AVATAR : THE WAY OF WATER,1,25,7,2023,20
100,AVATAR : THE WAY OF WATER,1,26,7,2023,11
101,AVATAR : THE WAY OF WATER,1,26,7,2023,14
102,AVATAR : THE WAY OF WATER,1,26,7,2023,17
103,AVATAR : THE WAY OF WATER,1,26,7,2023,20
104,AVATAR : THE WAY OF WATER,1,27,7,2023,11
105,AVATAR : THE WAY OF WATER,1,27,7,2023,14
106,AVATAR : THE WAY OF WATER,1,27,7,2023,17
107,AVATAR : THE WAY OF WATER,1,27,7,2023,20
108,AVATAR : THE WAY OF WATER,1,28,7,2023,11
109,AVATAR : THE WAY OF WATER,1,28,7,2023,14
110,AVATAR : THE WAY OF WATER,1,28,7,2023,17
111,AVATAR : THE WAY OF WATER,1,28,7,2023,20
112,AVATAR : THE WAY OF WATER,1,29,7,2023,11
113,AVATAR : THE WAY OF WATER,1,29,7,2023,14
114,AVATAR : THE WAY OF WATER,1,29,7,2023,17
115,AVATAR : THE WAY OF WATER,1,29,7,2023,20
116,AVATAR : THE WAY OF WATER,1,30,7,2023,11
117,AVATAR : THE WAY OF WATER,1,30,7,2023,14
118,AVATAR : THE WAY OF WATER,1,30,7,2023,17
119,AVATAR : THE WAY OF WATER,1,30,7,2023,20
120,SEWU DINO,2,1,7,2023,11
121,SEWU DINO,2,1,7,2023,14
122,SEWU DINO,2,1,7,2023,17
123,SEWU DINO,2,1,7,2023,20
124,SEWU DINO,2,2,7,2023,11
125,SEWU DINO,2,2,7,2023,14
126,SEWU DINO,2,2,7,2023,17
127,SEWU DINO,2,2,7,2023,20
128,SEWU DINO,2,3,7,2023,11
129,SEWU DINO,2,3,7,2023,14
130,SEWU DINO,2,3,7,2023,17
131,SEWU DINO,2,3,7,2023,20
132,SEWU DINO,2,4,7,2023,11
133,SEWU DINO,2,4,7,2023,14
134,SEWU DINO,2,4,7,2023,17
135,SEWU DINO,2,4,7,2023,20
136,SEWU DINO,2,5,7,2023,11
137,SEWU DINO,2,5,7,2023,14
138,SEWU DINO,2,5,7,2023,17
139,SEWU DINO,2,5,7,2023,20
140,SEWU DINO,2,6,7,2023,11
141,SEWU DINO,2,6,7,2023,14
142,SEWU DINO,2,6,7,2023,17
143,SEWU DINO,2,6,7,2023,20
144,SEWU DINO,2,7,7,2023,11
145,SEWU DINO,2,7,7,2023,14
146,SEWU DINO,2,7,7,2023,17
147,SEWU DINO,2,7,7,2023,20
148,SEWU DINO,2,8,7,2023,11
149,SEWU DINO,2,8,7,2023,14
150,SEWU DINO,2,8,7,2023,17
151,SEWU DINO,2,8,7,2023,20
152,SEWU DINO,2,9,7,2023,11
153,SEWU DINO,2,9,7,2023,14
154,SEWU DINO,2,9,7,2023,17
155,SEWU DINO,2,9,7,2023,20
156,SEWU DINO,2,10,7,2023,11
157,SEWU DINO,2,10,7,2023,14
158,SEWU DINO,2,10,7,2023,17
159,SEWU DINO,2,10,7,2023,20
160,SEWU DINO,2,11,7,2023,11
161,SEWU DINO,2,11,7,2023,14
162,SEWU DINO,2,11,7,2023,17
163,SEWU DINO,2,11,7,2023,20
164,SEWU DINO,2,12,7,2023,11
165,SEWU DINO,2,12,7,2023,14
166,SEWU DINO,2,12,7,2023,17
167,SEWU DINO,2,12,7,2023,20
168,SEWU DINO,2,13,7,2023,11
169,SEWU DINO,2,13,7,2023,14
170,SEWU DINO,2,13,7,2023,17
171,SEWU DINO,2,13,7,2023,20
172,SEWU DINO,2,14,7,2023,11
173,SEWU DINO,2,14,7,2023,14
174,SEWU DINO,2,14,7,2023,17
175,SEWU DINO,2,14,7,2023,20
176,SEWU DINO,2,15,7,2023,11
177,SEWU DINO,2,15,7,2023,14
178,SEWU DINO,2,15,7,2023,17
179,SEWU DINO,2,15,7,2023,20
180,SEWU DINO,2,16,7,2023,11
181,SEWU DINO,2,16,7,2023,14
182,SEWU DINO,2,16,7,2023,17
183,SEWU DINO,2,16,7,2023,20
184,SEWU DINO,2,17,7,2023,11
185,SEWU DINO,2,17,7,2023,14
186,SEWU DINO,2,17,7,2023,17
187,SEWU DINO,2,17,7,2023,20
188,SEWU DINO,2,18,7,2023,11
189,SEWU DINO,2,18,7,2023,14
190,SEWU DINO,2,18,7,2023,17
191,SEWU DINO,2,18,7,2023,20
192,SEWU DINO,2,19,7,2023,11
193,SEWU DINO,2,19,7,2023,14
194,SEWU DINO,2,19,7,2023,17
195,SEWU DINO,2,19,7,2023,20
196,SEWU DINO,2,20,7,2023,11
197,SEWU DINO,2,20,7,2023,14
198,SEWU DINO,2,20,7,2023,17
199,SEWU DINO,2,20,7,2023,20
200,SEWU DINO,2,21,7,2023,11
201,SEWU DINO,2,21,7,2023,14
202,SEWU DINO,2,21,7,2023,17
203,SEWU DINO,2,21,7,2023,20
204,SEWU DINO,2,22,7,2023,11
205,SEWU DINO,2,22,7,2023,14
206,SEWU DINO,2,22,7,2023,17
207,SEWU DINO,2,22,7,2023,20
208,SEWU DINO,2,23,7,2023,11
209,SEWU DINO,2,23,7,2023,14
210,SEWU DINO,2,23,7,2023,17
211,SEWU DINO,2,23,7,2023,20
212,SEWU DINO,2,24,7,2023,11
213,SEWU DINO,2,24,7,2023,14
214,SEWU DINO,2,24,7,2023,17
215,SEWU DINO,2,24,7,2023,20
216,SEWU DINO,2,25,7,2023,11
217,SEWU DINO,2,25,7,2023,14
218,SEWU DINO,2,25,7,2023,17
219,SEWU DINO,2,25,7,2023,20
220,SEWU DINO,2,26,7,2023,11
221,SEWU DINO,2,26,7,2023,14
222,SEWU DINO,2,26,7,2023,17
223,SEWU DINO,2,26,7,2023,20
224,SEWU DINO,2,27,7,2023,11
225,SEWU DINO,2,27,7,2023,14
226,SEWU DINO,2,27,7,2023,17
227,SEWU DINO,2,27,7,2023,20
228,SEWU DINO,2,28,7,2023,11
229,SEWU DINO,2,28,7,2023,14
230,SEWU DINO,2,28,7,2023,17
231,SEWU DINO,2,28,7,2023,20
232,SEWU DINO,2,29,7,2023,11
233,SEWU DINO,2,29,7,2023,14
234,SEWU DINO,2,29,7,2023,17
235,SEWU DINO,2,29,7,2023,20
236,SEWU DINO,2,30,7,2023,11
237,SEWU DINO,2,30,7,2023,14
238,SEWU DINO,2,30,7,2023,17
239,SEWU DINO,2,30,7,2023,20
240,AVENGERS : ENDGAME,3,1,7,2023,11
241,AVENGERS : ENDGAME,3,1,7,2023,14
242,AVENGERS : ENDGAME,3,1,7,2023,17
243,AVENGERS : ENDGAME,3,1,7,2023,20
244,AVENGERS : ENDGAME,3,2,7,2023,11
245,AVENGERS : ENDGAME,3,2,7,2023,14
246,AVENGERS : ENDGAME,3,2,7,2023,17
247,AVENGERS : ENDGAME,3,2,7,2023,20
248,AVENGERS : ENDGAME,3,3,7,2023,11
249,AVENGERS : ENDGAME,3,3,7,2023,14
250,AVENGERS : ENDGAME,3,3,7,2023,17
251,AVENGERS : ENDGAME,3,3,7,2023,20
252,AVENGERS : ENDGAME,3,4,7,2023,11
253,AVENGERS : ENDGAME,3,4,7,2023,14
254,AVENGERS : ENDGAME,3,4,7,2023,17
255,AVENGERS : ENDGAME,3,4,7,2023,20
256,AVENGERS : ENDGAME,3,5,7,2023,11
257,AVENGERS : ENDGAME,3,5,7,2023,14
258,AVENGERS : ENDGAME,3,5,7,2023,17
259,AVENGERS : ENDGAME,3,5,7,2023,20
260,AVENGERS : ENDGAME,3,6,7,2023,11
261,AVENGERS : ENDGAME,3,6,7,2023,14
262,AVENGERS : ENDGAME,3,6,7,2023,17
263,AVENGERS : ENDGAME,3,6,7,2023,20
264,AVENGERS : ENDGAME,3,7,7,2023,11
265,AVENGERS : ENDGAME,3,7,7,2023,14
266,AVENGERS : ENDGAME,3,7,7,2023,17
267,AVENGERS : ENDGAME,3,7,7,2023,20
268,AVENGERS : ENDGAME,3,8,7,2023,11
269,AVENGERS : ENDGAME,3,8,7,2023,14
270,AVENGERS : ENDGAME,3,8,7,2023,17
271,AVENGERS : ENDGAME,3,8,7,2023,20
272,AVENGERS : ENDGAME,3,9,7,2023,11
273,AVENGERS : ENDGAME,3,9,7,2023,14
274,AVENGERS : ENDGAME,3,9,7,2023,17
275,AVENGERS : ENDGAME,3,9,7,2023,20
276,AVENGERS : ENDGAME,3,10,7,2023,11
277,AVENGERS : ENDGAME,3,10,7,2023,14
278,AVENGERS : ENDGAME,3,10,7,2023,17
279,AVENGERS : ENDGAME,3,10,7,2023,20
280,AVENGERS : ENDGAME,3,11,7,2023,11
281,AVENGERS : ENDGAME,3,11,7,2023,14
282,AVENGERS : ENDGAME,3,11,7,2023,17
283,AVENGERS : ENDGAME,3,11,7,2023,20
284,AVENGERS : ENDGAME,3,12,7,2023,11
285,AVENGERS : ENDGAME,3,12,7,2023,14
286,AVENGERS : ENDGAME,3,12,7,2023,17
287,AVENGERS : ENDGAME,3,12,7,2023,20
288,AVENGERS : ENDGAME,3,13,7,2023,11
289,AVENGERS : ENDGAME,3,13,7,2023,14
290,AVENGERS : ENDGAME,3,13,7,2023,17
291,AVENGERS : ENDGAME,3,13,7,2023,20
292,AVENGERS : ENDGAME,3,14,7,2023,11
293,AVENGERS : ENDGAME,3,14,7,2023,14
294,AVENGERS : ENDGAME,3,14,7,2023,17
295,AVENGERS : ENDGAME,3,14,7,2023,20
296,AVENGERS : ENDGAME,3,15,7,2023,11
297,AVENGERS : ENDGAME,3,15,7,2023,14
298,AVENGERS : ENDGAME,3,15,7,2023,17
299,AVENGERS : ENDGAME,3,15,7,2023,20
300,AVENGERS : ENDGAME,3,16,7,2023,11
301,AVENGERS : ENDGAME,3,16,7,2023,14
302,AVENGERS : ENDGAME,3,16,7,2023,17
303,AVENGERS : ENDGAME,3,16,7,2023,20
304,AVENGERS : ENDGAME,3,17,7,2023,11
305,AVENGERS : ENDGAME,3,17,7,2023,14
306,AVENGERS : ENDGAME,3,17,7,2023,17
307,AVENGERS : ENDGAME,3,17,7,2023,20
308,AVENGERS : ENDGAME,3,18,7,2023,11
309,AVENGERS : ENDGAME,3,18,7,2023,14
310,AVENGERS : ENDGAME,3,18,7,2023,17
311,AVENGERS : ENDGAME,3,18,7,2023,20
312,AVENGERS : ENDGAME,3,19,7,2023,11
313,AVENGERS : ENDGAME,3,19,7,2023,14
314,AVENGERS : ENDGAME,3,19,7,2023,17
315,AVENGERS : ENDGAME,3,19,7,2023,20
316,AVENGERS : ENDGAME,3,20,7,2023,11
317,AVENGERS : ENDGAME,3,20,7,2023,14
318,AVENGERS : ENDGAME,3,20,7,2023,17
319,AVENGERS : ENDGAME,3,20,7,2023,20
320,AVENGERS : ENDGAME,3,21,7,2023,11
321,AVENGERS : ENDGAME,3,21,7,2023,14
322,AVENGERS : ENDGAME,3,21,7,2023,17
323,AVENGERS : ENDGAME,3,21,7,2023,20
324,AVENGERS : ENDGAME,3,22,7,2023,11
325,AVENGERS : ENDGAME,3,22,7,2023,14
326,AVENGERS : ENDGAME,3,22,7,2023,17
327,AVENGERS : ENDGAME,3,22,7,2023,20
328,AVENGERS : ENDGAME,3,23,7,2023,11
329,AVENGERS : ENDGAME,3,23,7,2023,14
330,AVENGERS : ENDGAME,3,23,7,2023,17
331,AVENGERS : ENDGAME,3,23,7,2023,20
332,AVENGERS : ENDGAME,3,24,7,2023,11
333,AVENGERS : ENDGAME,3,24,7,2023,14
334,AVENGERS : ENDGAME,3,24,7,2023,17
335,AVENGERS : ENDGAME,3,24,7,2023,20
336,AVENGERS : ENDGAME,3,25,7,2023,11
337,AVENGERS : ENDGAME,3,25,7,2023,14
338,AVENGERS : ENDGAME,3,25,7,2023,17
339,AVENGERS : ENDGAME,3,25,7,2023,20
340,AVENGERS : ENDGAME,3,26,7,2023,11
341,AVENGERS : ENDGAME,3,26,7,2023,14
342,AVENGERS : ENDGAME,3,26,7,2023,17
343,AVENGERS : ENDGAME,3,26,7,2023,20
344,AVENGERS : ENDGAME,3,27,7,2023,11
345,AVENGERS : ENDGAME,3,27,7,2023,14
346,AVENGERS : ENDGAME,3,27,7,2023,17
347,AVENGERS : ENDGAME,3,27,7,2023,20
348,AVENGERS : ENDGAME,3,28,7,2023,11
349,AVENGERS : ENDGAME,3,28,7,2023,14
350,AVENGERS : ENDGAME,3,28,7,2023,17
351,AVENGERS : ENDGAME,3,28,7,2023,20
352,AVENGERS : ENDGAME,3,29,7,2023,11
353,AVENGERS : ENDGAME,3,29,7,2023,14
354,AVENGERS : ENDGAME,3,29,7,2023,17
355,AVENGERS : ENDGAME,3,29,7,2023,20
356,AVENGERS : ENDGAME,3,30,7,2023,11
357,AVENGERS : ENDGAME,3,30,7,2023,14
358,AVENGERS : ENDGAME,3,30,7,2023,17
359,AVENGERS : ENDGAME,3,30,7,2023,20
